1,Tapu Ne Bhide Ko चुपके Se खिलाई हरी मिर्च !! | FULL MOVIE | Taarak Mehta Ka Ooltah Chashmah,https://www.youtube.com/watch?v=TRHuwwQAbkM,10 days ago,44:26,
2,Jethalal Ne Ye Kyu Pehena Sir Par ? | FULL MOVIE | Taarak Mehta Ka Ooltah Chashmah,https://www.youtube.com/watch?v=QHd0ftnVA5k,4 months ago,59:04,
3,Jethalal Ne चलाया Apna शातिर दिमाग !   | FULL MOVIE | Taarak Mehta Ka Ooltah Chashmah,https://www.youtube.com/watch?v=6rly2xErfIY,1 month ago,55:53,
4,Jethalal ki wajah se Society me Macha Bawal !  | FULL MOVIE | Taarak Mehta Ka Ooltah Chashmah,https://www.youtube.com/watch?v=wVZDZnvWs4k,2 months ago,53:20,
5,Kya Bag Mai Chupaya Hai Bomb ! | FULL MOVIE | Taarak Mehta Ka Ooltah Chashmah,https://www.youtube.com/watch?v=qrCWdpO1_0o,3 months ago,56:32,
6,रिश्तेदारों ke samne chali gayi Jethya ki ijjat | FULL MOVIE | Taarak Mehta Ka Ooltah Chashmah,https://www.youtube.com/watch?v=KAtA6M3WAXg,4 months ago,55:57,
7,Jethalal kyu nahi jana chahta bapuji ke sath Gaon !   | FULL MOVIE| Taarak Mehta Ka Ooltah Chashmah,https://www.youtube.com/watch?v=J5c8fgCQTS8,1 month ago,57:16,
8,Garma Garam Chai Se Jal Gayi Bhide Ki Jeebh !  | FULL MOVIE | Taarak Mehta Ka Ooltah Chashmah,https://www.youtube.com/watch?v=PBgmzgn8d_A,1 month ago,59:03,
9,Board साफ़ करते करते Fas गया Bhide का हाथ !  | FULL MOVIE | Taarak Mehta Ka Ooltah Chashmah,https://www.youtube.com/watch?v=XL2LhsHVuFM,3 weeks ago,2:20:00,
10,Iyer aur Jethalal ka hua jail ke ander Jhagda !  | FULL MOVIE | Taarak Mehta Ka Ooltah Chashmah,https://www.youtube.com/watch?v=WllJJWNJnek,3 months ago,52:48,
11,Gokuldham Premier League! I FULL MOVIE | PART 1 I Taarak Mehta Ka Ooltah Chashmah | तारक मेहता,https://www.youtube.com/watch?v=7kuFe28pBZo,2 years ago,1:32:36,Part 1
12,Jethalal ne Diya Bhide ko Business Badhane ka Idea! | FULL MOVIE | Taarak Mehta Ka Ooltah Chashmah,https://www.youtube.com/watch?v=zyaNQQcSwaQ,1 month ago,57:44,
13,Bapuji Ke डर Se फ़र्श पर लेट गया Jethalal !    | FULL MOVIE | Taarak Mehta Ka Ooltah Chashmah,https://www.youtube.com/watch?v=efEetHfsIZY,1 month ago,57:37,
14,Bhide Ke Wajah se Hua Jethalal Ka Nuksaan ! | FULL MOVIE | Taarak Mehta Ka Ooltah Chashmah,https://www.youtube.com/watch?v=36nTn2etT70,2 months ago,55:34,
15,Kisne Di Bhide ko Kam Rukwane ki Dhamki! | FULL MOVIE | Taarak Mehta Ka Ooltah Chashmah,https://www.youtube.com/watch?v=SF8o-Pxcbcs,4 months ago,57:16,
16,Popatlal ke Hungame se Bapuji hue Pareshan ! | FULL MOVIE | Taarak Mehta Ka Ooltah Chashmah,https://www.youtube.com/watch?v=kiojMeWSQKY,1 month ago,1:11:14,
17,Jetha और Bhide बने Jasoos! | FULL MOVIE | Taarak Mehta Ka Ooltah Chashmah,https://www.youtube.com/watch?v=lBvGMpleC2Q,2 months ago,57:30,
18,Jethalal की चालाकी से फूटा Popatlal का भांडा ! | FULL MOVIE | Taarak Mehta Ka Ooltah Chashmah,https://www.youtube.com/watch?v=ux08jBFkZjw,2 months ago,55:30,
19,Jetha Kaise Lagayega Bhide ke Pareshani ka Pata ! | FULL MOVIE | Taarak Mehta Ka Ooltah Chashmah,https://www.youtube.com/watch?v=BzegpZHVe7M,2 months ago,34:59,
20,Daya Ka Surprise Pada Jethalal Pe Bhari !  | FULL MOVIE | Taarak Mehta Ka Ooltah Chashmah,https://www.youtube.com/watch?v=oW39UBiW0yU,1 month ago,1:00:03,
21,Popatlal ke Peeche Padi PoliceI FULL MOVIE| Part 1 | Taarak Mehta Ka Ooltah Chashmah Ep 4117 to 4120,https://www.youtube.com/watch?v=V4V4-s_oFgE,1 year ago,1:16:29,Part 1
22,Society Garden Me So Gaya Jethalal ! | FULL MOVIE | Taarak Mehta Ka Ooltah Chashmah,https://www.youtube.com/watch?v=75YeARzlgVk,2 months ago,48:47,
23,Bhide पर क्यों लगाया Society वालों ने इल्ज़ाम !  | FULL MOVIE | Taarak Mehta Ka Ooltah Chashmah,https://www.youtube.com/watch?v=6kyI4_03Co4,2 weeks ago,55:04,
24,Jethya Ne Phad diya Bapu ji ka News Paper !  | FULL MOVIE | Taarak Mehta Ka Ooltah Chashmah,https://www.youtube.com/watch?v=-XFbHhyydz8,1 month ago,49:28,
25,Apne hi Joke Par Hasne Laga Bhide😂 !  | FULL MOVIE | Taarak Mehta Ka Ooltah Chashmah,https://www.youtube.com/watch?v=Q1BnEpv5f8Y,3 months ago,47:39,
26,Kyu Bhadak gaya Bhide par Jethalal !  | FULL MOVIE | Taarak Mehta Ka Ooltah Chashmah,https://www.youtube.com/watch?v=sABBTdkLbhc,1 month ago,55:35,
27,Iyer की बात सुनकर Jetha को क्यों लगा झटका ! | FULL MOVIE | Taarak Mehta Ka Ooltah Chashmah,https://www.youtube.com/watch?v=e5HU49fgqUU,1 month ago,55:22,
28,Jethalal के कारण Bhide हो गया Confuse !  | FULL MOVIE | Taarak Mehta Ka Ooltah Chashmah,https://www.youtube.com/watch?v=ALf-fMfznEs,3 weeks ago,54:50,
29,Jetha ko kisne Fek kar mara ball !  | FULL MOVIE | Taarak Mehta Ka Ooltah Chashmah,https://www.youtube.com/watch?v=IFQ3jf88U9E,3 months ago,56:19,
30,Taarak और Jethalal Ne खाई Extra Butter वाली Paav Bhaji  FULL MOVIE | Taarak Mehta Ka Ooltah Chashmah,https://www.youtube.com/watch?v=alx9aAkbbLc,1 month ago,58:06,
31,Goli Ne Bhide Se Badla Le Hi Liya ! | FULL MOVIE | Taarak Mehta Ka Ooltah Chashmah,https://www.youtube.com/watch?v=HSN7ISzmDfY,2 months ago,45:46,
32,Gokuldham Walo Ne Kiya Babita Ke Ghar Nightout!! | FULL MOVIE | Taarak Mehta Ka Ooltah Chashmah,https://www.youtube.com/watch?v=yEAoK1yjS5A,4 months ago,53:48,
33,Daya Kaise Uddi Hawa Me !  | FULL MOVIE | Taarak Mehta Ka Ooltah Chashmah,https://www.youtube.com/watch?v=oFl3jEdKxWA,3 months ago,56:33,
34,Society Walo Ne Dekha जेठालाल Ka रौद्र रूप !  | FULL MOVIE | Taarak Mehta Ka Ooltah Chashmah,https://www.youtube.com/watch?v=suJ1y51Yw6g,2 months ago,51:30,
35,Kaise Nikalega bhide apne chipke hue hath?! | FULL MOVIE | Taarak Mehta Ka Ooltah Chashmah,https://www.youtube.com/watch?v=dLi_RSAW8vg,8 months ago,56:46,
36,Chutki Bajakar Kisko Challenge kar raha hai Jethya ! | FULL MOVIE | Taarak Mehta Ka Ooltah Chashmah,https://www.youtube.com/watch?v=9q0YOqVlUvY,4 months ago,37:43,
37,Bhide ko Battery Bolkar Jethya ne Udaya Majak!  | FULL MOVIE | Taarak Mehta Ka Ooltah Chashmah,https://www.youtube.com/watch?v=mogMChwphvk,1 month ago,57:12,
38,फँस गया Iyer Jethalal के जाल में ! | FULL MOVIE | Taarak Mehta Ka Ooltah Chashmah,https://www.youtube.com/watch?v=dRyFBN9VFSI,2 weeks ago,51:47,
39,Jethalal ne pheka Iyer par pani ! | FULL MOVIE | Taarak Mehta Ka Ooltah Chashmah,https://www.youtube.com/watch?v=0Xr_nU6iC9c,4 months ago,57:38,
40,Barish me Bhide ne Liya Garma Garam Pohe ka Maja !  | FULL MOVIE | Taarak Mehta Ka Ooltah Chashmah,https://www.youtube.com/watch?v=tKd9ybPzn24,1 month ago,57:23,
41,Abdul Hua Society Se Gayab | FULL MOVIE | Part 1 | Taarak Mehta Ka Ooltah Chashmah Ep 4165 - 4167,https://www.youtube.com/watch?v=qDxSTmQfPxE,1 year ago,56:38,Part 1
42,Sonu Bani Air Hostess !  | FULL MOVIE | Taarak Mehta Ka Ooltah Chashmah,https://www.youtube.com/watch?v=gSY0oACKBaw,3 months ago,57:17,
43,Bench Repair karte vakt bhide ko lagi joro se chot! | FULL MOVIE | Taarak Mehta Ka Ooltah Chashmah,https://www.youtube.com/watch?v=a9bWxuthu_M,8 months ago,1:10:25,
44,Bhide क्यू गुस्से से लाल Hua Jethalal Pe !  | FULL MOVIE | Taarak Mehta Ka Ooltah Chashmah,https://www.youtube.com/watch?v=Ol9eaUqF89o,3 weeks ago,53:18,
45,Jethalal Ne Diya Iyer Bhai Ko Surprise ! | FULL MOVIE | Taarak Mehta Ka Ooltah Chashmah,https://www.youtube.com/watch?v=Z8yHzYafoTM,2 months ago,57:41,
46,Petrol Na Hone Ki Wajah se Band Padi Sodhi ki Jeep ! | FULL MOVIE | Taarak Mehta Ka Ooltah Chashmah,https://www.youtube.com/watch?v=0C8oNbr5HDk,4 weeks ago,59:03,
47,Babita kis baat ko lekar hai chintit?!🤔 | FULL MOVIE | Taarak Mehta Ka Ooltah Chashmah,https://www.youtube.com/watch?v=ErumPmGcJJk,6 months ago,50:26,
48,Bhide Ko Purane Dabbe Mein Mile Lakho Rupaye !  | FULL MOVIE | Taarak Mehta Ka Ooltah Chashmah,https://www.youtube.com/watch?v=deKVBpFy3TM,1 month ago,54:32,
49,Bhide Ne Kyu Bola Jethalal Ko Bura Aadmi ! | FULL MOVIE | Taarak Mehta Ka Ooltah Chashmah,https://www.youtube.com/watch?v=MjRNrDjZ-wc,2 months ago,51:18,
50,Bhide Ne उड़ाया Popatlal Ka मजाक !  | FULL MOVIE | Taarak Mehta Ka Ooltah Chashmah,https://www.youtube.com/watch?v=j4QivcD2EAQ,1 month ago,46:02,
51,बेंगन Kate Kate Katt Gayi Bhide ki उंगली! | FULL MOVIE | Taarak Mehta Ka Ooltah Chashmah,https://www.youtube.com/watch?v=Kc-CQwbdddU,1 year ago,1:10:43,
52,Lady Chor in Gokuldham! | FULL MOVIE | Part 1 | Taarak Mehta Ka Ooltah Chashmah  Ep 1811 - 1819,https://www.youtube.com/watch?v=lB1HXu3Zpo0,1 year ago,1:17:18,Part 1
53,Jetha ne Purush Mandli ke Liye Mangwaya Jalebi Fafda! | FULL MOVIE | Taarak Mehta Ka Ooltah Chashmah,https://www.youtube.com/watch?v=Oum0SXQd1vQ,2 months ago,37:31,
54,Jethalal ne Kyu Phoda भिड़े का सर! | FULL MOVIE | Taarak Mehta Ka Ooltah Chashmah | तारक मेहता,https://www.youtube.com/watch?v=oLRs3FCQdDM,1 month ago,35:05,
55,Abdul ने बचाई Pandit ji की Jaan !   | FULL MOVIE| Taarak Mehta Ka Ooltah Chashmah,https://www.youtube.com/watch?v=EeAgWx17c74,1 month ago,49:33,
56,Kisne Bola Jethalal Ko Lalchi !  | FULL MOVIE | Taarak Mehta Ka Ooltah Chashmah,https://www.youtube.com/watch?v=24FWAhCi_tQ,2 months ago,46:40,
57,Barish Shuru hote hi Jetha ne Banaya Party Ka Plan !  | FULL MOVIE | Taarak Mehta Ka Ooltah Chashmah,https://www.youtube.com/watch?v=TwoUwy8B6S0,1 month ago,54:31,
58,Soda Shop Pe सबने की Bhide की तारीफ !  | FULL MOVIE | Taarak Mehta Ka Ooltah Chashmah,https://www.youtube.com/watch?v=Fl4BGmVzmFg,1 month ago,56:17,
59,Soda Shop Par Bhide बांधकर आया Muffler ! | FULL MOVIE| Taarak Mehta Ka Ooltah Chashmah,https://www.youtube.com/watch?v=Fv7U5pVYf1U,1 month ago,38:33,
60,Bhide Ko Kyu Chahiye Itne Sare Tamatar ! | FULL MOVIE | Taarak Mehta Ka Ooltah Chashmah,https://www.youtube.com/watch?v=m3RhUHJxfPA,4 months ago,52:28,
61,Abdul को Kyun चाहिए Jethalal का Phone !  | FULL MOVIE | Taarak Mehta Ka Ooltah Chashmah,https://www.youtube.com/watch?v=8crDWlgfJdg,1 month ago,53:27,
62,Bhide aur Taarak ne Milkar Jala Diya Chai !  | FULL MOVIE | Taarak Mehta Ka Ooltah Chashmah,https://www.youtube.com/watch?v=ohSqSdkU-PU,1 month ago,37:38,
63,Popatlal Cupboard Ke Niche Dab Gaya !  | FULL MOVIE | Taarak Mehta Ka Ooltah Chashmah,https://www.youtube.com/watch?v=dMkK-hr8q7E,2 months ago,57:50,
64,क्या देखकर चौंक गए Abdul और Bagha !!  | FULL MOVIE | Taarak Mehta Ka Ooltah Chashmah,https://www.youtube.com/watch?v=v1OXwRu8AhY,8 days ago,41:29,
65,Jethalal ने लिए Daya के बनाए Aamras के मज़े ! ! | FULL MOVIE | Taarak Mehta Ka Ooltah Chashmah,https://www.youtube.com/watch?v=Mo_WdwkI-P4,1 month ago,57:09,
66,Tapu Ne Bapuji Banke Daraya Jetha Aur Daya Ko !  | FULL MOVIE | Taarak Mehta Ka Ooltah Chashmah,https://www.youtube.com/watch?v=WWTAAlTS1vw,3 months ago,35:47,
67,Popatlal Ka Phone Hua Fry !  | FULL MOVIE | Taarak Mehta Ka Ooltah Chashmah,https://www.youtube.com/watch?v=WlzPbNwv_T4,2 months ago,54:45,
68,Jethalal ke Ghar चक्कर आके गिर गया Bhide 😮! | FULL MOVIE | Taarak Mehta Ka Ooltah Chashmah,https://www.youtube.com/watch?v=1oMHv1CK1xE,4 months ago,56:26,
69,किसने दिलाया Jethalal को इतना गुस्सा !   | FULL MOVIE | Taarak Mehta Ka Ooltah Chashmah,https://www.youtube.com/watch?v=y9BsHhCQsJY,1 month ago,39:10,
70,Jethalal Aur Bhide Ke Biche Hua Ghamasan Yudh ! | FULL MOVIE | Taarak Mehta Ka Ooltah Chashmah,https://www.youtube.com/watch?v=KFad2Z_LGRo,1 month ago,59:13,
71,Baarish Me Jethalal क्यों लड़ रहा है रिक्शावाले से ! | FULL MOVIE | Taarak Mehta Ka Ooltah Chashmah,https://www.youtube.com/watch?v=Qi8s5REgaF4,1 month ago,55:04,
72,क्या Iyer ले पाएगा Jethalal Se अपना बदला !  | FULL MOVIE | Taarak Mehta Ka Ooltah Chashmah,https://www.youtube.com/watch?v=7H19wl_ojUE,1 month ago,54:02,
73,Gokuldham ki Toli chali Katch | FULL MOVIE | Part 2 | Taarak Mehta Ka Ooltah Chashmah | EP790 to 799,https://www.youtube.com/watch?v=EDu_xPwp2QM,1 year ago,51:12,Part 2
74,पैसों से भरा Bag Lekar चोरों के इलाके में फंसा Jetha !| FULL MOVIE | Taarak Mehta Ka Ooltah Chashmah,https://www.youtube.com/watch?v=eMGtkN-SqbM,2 weeks ago,38:28,
75,Jethalal को याद आया Daya के Haath का खाना !  | FULL MOVIE | Taarak Mehta Ka Ooltah Chashmah,https://www.youtube.com/watch?v=9tCcLpgHFFM,1 month ago,34:28,
76,Jethya ne Tod Diya Bhide ka Naya Chhata !  | FULL MOVIE | Taarak Mehta Ka Ooltah Chashmah,https://www.youtube.com/watch?v=7G551H9GbUk,1 month ago,39:39,
77,Bapuji ne Kar ke Dikhaya Jethya ki Nakal !  | FULL MOVIE | Taarak Mehta Ka Ooltah Chashmah,https://www.youtube.com/watch?v=mYIh46KBTSA,4 months ago,37:51,
78,Popatlal ka Sona! | FULL MOVIE | Part 1| Taarak Mehta Ka Ooltah Chashmah Ep 3509 - 3511,https://www.youtube.com/watch?v=hXyR4EjEAsk,1 year ago,57:46,Part 1
79,Jethalal hogaya escalator se pareshan! | FULL MOVIE | Taarak Mehta Ka Ooltah Chashmah,https://www.youtube.com/watch?v=bQLOayDpkWI,5 months ago,37:31,
80,Babita ne Kyu Ki Iyer ki Pitai! | FULL MOVIE | Taarak Mehta Ka Ooltah Chashmah,https://www.youtube.com/watch?v=Xzd50dnngw4,11 months ago,1:04:37,
81,CID I PART 2 I FULL MOVIE I Taarak Mehta Ka Ooltah Chashmah,https://www.youtube.com/watch?v=C95stq_4SfA,2 years ago,1:51:42,Part 2
82,Bhide Ka Sakharam Chori! | FULL MOVIE | Part 5 | Taarak Mehta Ka Ooltah Chashmah  Ep 2120 to 2122,https://www.youtube.com/watch?v=ah23ok-_feM,2 years ago,56:52,Part 5
83,Mehengai ki Khabar dekh Jethya ke ude hosh ! | FULL MOVIE | Taarak Mehta Ka Ooltah Chashmah,https://www.youtube.com/watch?v=WAIg0iImfA8,3 months ago,38:40,
84,Soda Pikar bhide ko Hua Jukaam ! | FULL MOVIE | Taarak Mehta Ka Ooltah Chashmah,https://www.youtube.com/watch?v=TKok9omJ8QU,1 month ago,38:53,
85,Jethalal Ne Ki Daya Ki Madat ! | FULL MOVIE | Taarak Mehta Ka Ooltah Chashmah,https://www.youtube.com/watch?v=-G1XY05YziA,4 months ago,56:15,
86,घात लगाकार Kisko Pakdne ja raha hai Jethya! | FULL MOVIE | Taarak Mehta Ka Ooltah Chashmah,https://www.youtube.com/watch?v=xQyOLxBpA1A,2 months ago,57:11,
87,Jethalal ne aise kya dikha diya iyer ko?!😱| FULL MOVIE | Taarak Mehta Ka Ooltah Chashmah,https://www.youtube.com/watch?v=yLTo9v2Elmw,8 months ago,1:12:58,
88,Madhvi ke Samne Hua Bhide ka Popat ! | FULL MOVIE | Taarak Mehta Ka Ooltah Chashmah,https://www.youtube.com/watch?v=AuZL64Etk9s,4 months ago,55:01,
89,Kisko Surprise Dene ke Liye Khada Hai Jethalal !  | FULL MOVIE | Taarak Mehta Ka Ooltah Chashmah,https://www.youtube.com/watch?v=JyQYJz0fb_A,2 months ago,38:02,
90,Popatlal Aur Jethalal Me Kyu Hui Keecha Taani !   | FULL MOVIE | Taarak Mehta Ka Ooltah Chashmah,https://www.youtube.com/watch?v=fxQe1Dnja_E,3 months ago,38:18,
91,Jethya ki Shakal Lagi Bapuji ko Darawani | FULL MOVIE | Taarak Mehta Ka Ooltah Chashmah,https://www.youtube.com/watch?v=BpIvqZf-qvg,6 months ago,56:01,
92,Pyar Ke chakkar Mai Popatlal so gaya छत पर! | FULL MOVIE | Taarak Mehta Ka Ooltah Chashmah,https://www.youtube.com/watch?v=7eVz59JJTTY,1 year ago,53:59,
93,Jethalal Bana Cook | FULL MOVIE | Part 1 | Taarak Mehta Ka Ooltah Chashmah Ep 2887 to 2889,https://www.youtube.com/watch?v=QDXAMYOvf5g,2 years ago,55:48,Part 1
94,Party Sharty at Rang Tarang Resort! I FULL MOVIE | PART 7 I Taarak Mehta Ka Ooltah Chashmah,https://www.youtube.com/watch?v=DMxnml-L534,1 year ago,1:17:11,Part 7
95,Bhide Ko Kyu Ignore Kar Raha Hai Jethalal  | FULL MOVIE | Taarak Mehta Ka Ooltah Chashmah,https://www.youtube.com/watch?v=zLzPKWs4YuU,7 months ago,55:55,
96,Abdul Kyu Hua Bhide Par आग-बबूला! | FULL MOVIE | Taarak Mehta Ka Ooltah Chashmah,https://www.youtube.com/watch?v=lX4lTlkCvhw,2 months ago,38:14,
97,Jethalal Kha gaya Goli ke Hisse ka Nashta! | FULL MOVIE | Taarak Mehta Ka Ooltah Chashmah,https://www.youtube.com/watch?v=_XtbS4IQrok,4 months ago,58:39,
98,Sube Sube Bhide kaha se le aaya itne sare Nimbu ! | FULL MOVIE | Taarak Mehta Ka Ooltah Chashmah,https://www.youtube.com/watch?v=vr01VfqMLW4,4 months ago,53:28,
99,Bhide’s Tuition Trouble!  I FULL MOVIE |  Part 2 | Taarak Mehta Ka Ooltah Chashmah Ep 3154 to 3156,https://www.youtube.com/watch?v=DvSOLGk_2Lg,1 year ago,56:41,Part 2
100,Jethya ne Udaya Iyer Bhai ka मज़ाक?! | FULL MOVIE | Part 1 | Taarak Mehta Ka Ooltah Chashmah,https://www.youtube.com/watch?v=mnfPBUwph7M,1 year ago,40:39,Part 1
101,Bhide akhir kya karne ja raha hai?! | FULL MOVIE | Taarak Mehta Ka Ooltah Chashmah,https://www.youtube.com/watch?v=QP7JKyoLEW8,6 months ago,55:30,
102,Bapuji ने क्यों कहा Jethalal को चमगादड़ !  | FULL MOVIE | Taarak Mehta Ka Ooltah Chashmah,https://www.youtube.com/watch?v=Bp8rKpZ5Hr8,2 weeks ago,44:03,
103,Bhide aur Madhvi ne Enjoy kiya Goa ke Special Dishes! | FULL MOVIE | Taarak Mehta Ka Ooltah Chashmah,https://www.youtube.com/watch?v=idpLh66zXAs,2 months ago,56:23,
104,Bapuji in Gokuldham! I FULL MOVIE I Taarak Mehta Ka Ooltah Chashmah Ep 06 - 10,https://www.youtube.com/watch?v=xdLTwl-MrMI,1 year ago,54:09,
105,Barish hote hi Popatlal को लगी ठंड?! | FULL MOVIE | Part 1| Taarak Mehta Ka Ooltah Chashmah,https://www.youtube.com/watch?v=QklN0tT4Q_A,1 year ago,59:25,Part 1
106,Jethalal ne Phoda Iyer ke Piche Bomb! | FULL MOVIE | Taarak Mehta Ka Ooltah Chashmah,https://www.youtube.com/watch?v=Rx0kf6jxJaI,10 months ago,37:11,
107,Akhir Popatlal पर क्यों फूटा Sodhi का गुस्सा !  | FULL MOVIE | Taarak Mehta Ka Ooltah Chashmah,https://www.youtube.com/watch?v=ges_ME1u0wE,1 month ago,48:34,
108,Gokuldham Ki Masti Bhari Trip to Tikujiniwadi ! | FULL MOVIE | Taarak Mehta Ka Ooltah Chashmah,https://www.youtube.com/watch?v=3vd2zMpSsb4,1 year ago,1:09:18,
109,Jethalal ने Sign करने से क्यों मना किया !  | FULL MOVIE | Taarak Mehta Ka Ooltah Chashmah,https://www.youtube.com/watch?v=OUix3EZDnmE,2 weeks ago,38:26,
110,Gokuldham Mein Bhootni! | FULL MOVIE | Part 1 | Taarak Mehta Ka Ooltah Chashmah,https://www.youtube.com/watch?v=vLkhQJ0ysVE,1 year ago,58:29,Part 1
111,Daya ne kiski Karke dikhayi acting?! | FULL MOVIE | Taarak Mehta Ka Ooltah Chashmah,https://www.youtube.com/watch?v=eLjnnHGbguo,8 months ago,1:06:30,
112,Bhootni ka Nam sunkar Bhag Gaye Jetha aur Bapuji !   | FULL MOVIE| Taarak Mehta Ka Ooltah Chashmah,https://www.youtube.com/watch?v=aYPSDycs87I,1 month ago,56:19,
113,Ahmedabad se aate hi sunder ne Laga Diya Chuna !   | FULL MOVIE | Taarak Mehta Ka Ooltah Chashmah,https://www.youtube.com/watch?v=_MSya9fq9cI,1 month ago,36:25,
114,Goli Fhas gaya Badi Duvidha mai😂🫨 | FULL MOVIE | Taarak Mehta Ka Ooltah Chashmah,https://www.youtube.com/watch?v=sNLFUATccAI,6 months ago,54:11,
115,किस वजह से Bhide के मुँह पे बज गए 12 ! | FULL MOVIE | Taarak Mehta Ka Ooltah Chashmah,https://www.youtube.com/watch?v=d-eAJEafUco,2 weeks ago,56:44,
116,Akhir kon aya jethalal ke shop per?! | FULL MOVIE | Taarak Mehta Ka Ooltah Chashmah,https://www.youtube.com/watch?v=JGFGwX17HKw,9 months ago,55:25,
117,Credit Cards Ka Chakkar! | FULL MOVIE | Part 2 | Taarak Mehta Ka Ooltah Chashmah,https://www.youtube.com/watch?v=udAnsZ9fZNY,1 year ago,39:44,Part 2
118,Popatlal ke peeche Pad Gayi Shadi ke liye Ladkiya! | FULL MOVIE | Taarak Mehta Ka Ooltah Chashmah,https://www.youtube.com/watch?v=_fTK2KEqXys,1 year ago,1:16:39,
119,Bhide Bana रद्दीवाला?!| FULL MOVIE | Taarak Mehta Ka Ooltah Chashmah | तारक मेहता का उल्टा चश्मा,https://www.youtube.com/watch?v=3EZMsMlwqoA,1 year ago,53:30,
120,Iyer Ne Kyu Mangi Sabse Maafi ! | FULL MOVIE | Taarak Mehta Ka Ooltah Chashmah,https://www.youtube.com/watch?v=wcHbLgG9aik,4 months ago,55:10,
121,Jetha ne Udaya Bhide ke Baat ka majak !  | FULL MOVIE | Taarak Mehta Ka Ooltah Chashmah,https://www.youtube.com/watch?v=AGJBzpqY5kE,3 months ago,38:00,
122,Jethalal Ke Bhaitne Par Tut Gaya Sofa ! | FULL MOVIE | Taarak Mehta Ka Ooltah Chashmah,https://www.youtube.com/watch?v=R01WvKGiYiY,4 months ago,55:03,
123,Popatlal ने क्यों मांगा Bhide Se इस्तीफा !  | FULL MOVIE | Taarak Mehta Ka Ooltah Chashmah,https://www.youtube.com/watch?v=hAumDaiqqJU,3 weeks ago,53:31,
124,Bhide ne kaha Popatlal ko kachi kairi😂| FULL MOVIE | Taarak Mehta Ka Ooltah Chashmah,https://www.youtube.com/watch?v=XpJYPedtjJk,7 months ago,1:03:44,
125,Madhavi ने क्यों ली Bhide की क्लास !  | FULL MOVIE | Taarak Mehta Ka Ooltah Chashmah,https://www.youtube.com/watch?v=E29fdSLYhoo,3 months ago,57:17,
126,KBC के मंच पर छा गया Gokuldham  !  | FULL MOVIE | Taarak Mehta Ka Ooltah Chashmah,https://www.youtube.com/watch?v=VbSsKaSdAYQ,7 days ago,58:40,
127,Jethalal Aur bhide ke jhagde mai bhide ko lagi chot😂 | FULL MOVIE | Taarak Mehta Ka Ooltah Chashmah,https://www.youtube.com/watch?v=pnjkeHdORn0,6 months ago,52:37,
128,Jethalal और Babitaji में हुई Badminton की Match !  | FULL MOVIE | Taarak Mehta Ka Ooltah Chashmah,https://www.youtube.com/watch?v=Tny4bBQjgbo,1 month ago,52:16,
129,Bhide ko Kyu Aaya Gokuldham Vasiyo pe Gussa! | FULL MOVIE | Taarak Mehta Ka Ooltah Chashmah,https://www.youtube.com/watch?v=yMxZsS5GkJI,5 months ago,38:41,
130,Jethalal ne Phad Diya Bhide ka Kurta ! | FULL MOVIE | Taarak Mehta Ka Ooltah Chashmah,https://www.youtube.com/watch?v=8ei5n2gId54,4 months ago,36:07,
131,Dukan Mai Kisko Dekh Ke Jethalal चौक पड़ा! | FULL MOVIE | Taarak Mehta Ka Ooltah Chashmah,https://www.youtube.com/watch?v=9jQmNYBaPEM,10 months ago,56:13,
132,Jethalal Ko kaha khich kar le ja rahe hai bapuji !| FULL MOVIE | Taarak Mehta Ka Ooltah Chashmah,https://www.youtube.com/watch?v=CYwGJKA1Wlc,5 months ago,58:22,
133,Jetha Ne Bhide Ko Kyu Bola बाबा आत्माराम संत !  | FULL MOVIE | Taarak Mehta Ka Ooltah Chashmah,https://www.youtube.com/watch?v=AHrtXFKGqHs,2 months ago,52:37,
134,Popatlal Ne Kyu Roka Bhide Ko ! | FULL MOVIE | Taarak Mehta Ka Ooltah Chashmah,https://www.youtube.com/watch?v=K0o7sj1xtIw,3 months ago,34:28,
135,Tapu sena ne Mara Pav Bhaji par Tav !  | FULL MOVIE | Taarak Mehta Ka Ooltah Chashmah,https://www.youtube.com/watch?v=RSgZJWwmopw,11 days ago,34:33,
136,Bhide ne Bol Diya Jethalal ko Laddu !  | FULL MOVIE | Taarak Mehta Ka Ooltah Chashmah,https://www.youtube.com/watch?v=1lHs8-c10uQ,2 months ago,36:37,
137,Kyu Gokuldhamvasi Ban gaye Safai Karamchari? | FULL MOVIE | Part 3 | Taarak Mehta Ka Ooltah Chashmah,https://www.youtube.com/watch?v=sO3bgieFsQg,1 year ago,57:16,Part 3
138,Kisko Dekh Kar Sanak Gayi Bhide ki Khopdi !   | FULL MOVIE | Taarak Mehta Ka Ooltah Chashmah,https://www.youtube.com/watch?v=zKj1xVladXM,11 days ago,37:07,
139,Bapuji ne Diya Dinner Party! | FULL MOVIE | Taarak Mehta Ka Ooltah Chashmah,https://www.youtube.com/watch?v=5IJycI1VJMI,6 months ago,36:13,
140,Jethalal Ne Uddaya Iyer Ka Mazak !  | FULL MOVIE | Taarak Mehta Ka Ooltah Chashmah,https://www.youtube.com/watch?v=Eh03QQF-AQk,2 months ago,1:15:12,
141,Soda Shop Par Jethalal Ne Kisko Kaha Chapli ! | FULL MOVIE | Taarak Mehta Ka Ooltah Chashmah,https://www.youtube.com/watch?v=uhywt8AveGs,4 months ago,49:43,
142,Gokuldham Wale Chale Disneyland! | FULL MOVIE | Part 1 | Taarak Mehta Ka Ooltah Chashmah EP,https://www.youtube.com/watch?v=ZYZxOGJLOH8,1 year ago,1:12:13,Part 1
143,Gokuldham Mein Bhootni! | FULL MOVIE | Part 2 | Taarak Mehta Ka Ooltah Chashmah,https://www.youtube.com/watch?v=D7j3P4D-L0g,1 year ago,59:13,Part 2
144,Gokuldham ki Holi | FULL MOVIE | Part 1 | Taarak Mehta Ka Ooltah Chashmah  | तारक मेहता,https://www.youtube.com/watch?v=pE7W5mPEPdI,1 year ago,55:23,Part 1
145,Water Shortage At Gokuldham! | FULL MOVIE | Fan Favourite | Part 2 | Taarak Mehta Ka Ooltah Chashmah,https://www.youtube.com/watch?v=bmXVRqvZoE8,2 years ago,1:14:39,Part 2
146,Fridge ka Sauda! | FULL MOVIE | Part 1 | Taarak Mehta Ka Ooltah Chashmah | तारक मेहता का उल्टा चश्मा,https://www.youtube.com/watch?v=4Wigbn_0mu8,1 year ago,56:14,Part 1
147,Gokuldhamvasi ne kyu nikala Bhide ke khilaf morcha?! | FULL MOVIE | Taarak Mehta Ka Ooltah Chashmah,https://www.youtube.com/watch?v=kQ_fC8TICPE,6 months ago,1:01:38,
148,Jethya ne kyu kaha Bhide ko रिश्वतखोर ! | FULL MOVIE | Taarak Mehta Ka Ooltah Chashmah,https://www.youtube.com/watch?v=ObsmDN9xrhw,4 months ago,53:38,
149,Gokuldham Mein Aya Asli Bhoot! | FULL MOVIE | Part 1 | Taarak Mehta Ka Ooltah Chashmah,https://www.youtube.com/watch?v=wARVU8OSass,1 year ago,56:47,Part 1
150,Treasure In Gokuldham! | FULL MOVIE | Taarak Mehta Ka Ooltah Chashmah Ep 2260 - 2263,https://www.youtube.com/watch?v=M-RxLXF-jYc,1 year ago,1:15:04,
151,Jetha ne Kyu Kaha Popatlal ko Chacha ! | FULL MOVIE | Taarak Mehta Ka Ooltah Chashmah,https://www.youtube.com/watch?v=Ph51COrg7Bs,2 months ago,56:27,
152,Popatlal ke sath hua bada prank ! | FULL MOVIE | Taarak Mehta Ka Ooltah Chashmah,https://www.youtube.com/watch?v=noTehPDNaEg,1 year ago,56:43,
153,Tapu ka Result Dekh kar Udas hui Gada Family! | FULL MOVIE | Taarak Mehta Ka Ooltah Chashmah,https://www.youtube.com/watch?v=GZ8GNFcJZuU,10 months ago,1:02:34,
154,Barish me Auto ko Lekar Ladne Lage Bhide aur Jethalal | FULL MOVIE | Tarok Mehta Ka Ooltah Chashmah,https://www.youtube.com/watch?v=zuqo9U5BiIc,1 month ago,38:21,
155,Taarak Bhai Ka Chakkar! | FULL MOVIE | Part 2 | Taarak Mehta Ka Ooltah Chashmah EP 1178 - 1184,https://www.youtube.com/watch?v=8Vgr39ZyouM,1 year ago,57:16,Part 2
156,Serious Situation mai jethalal aur bhide ne ki masti! | FULL MOVIE | Taarak Mehta Ka Ooltah Chashmah,https://www.youtube.com/watch?v=JYcc7E_9quA,11 months ago,1:00:26,
157,गड़बड़ी में Bhide ने पहन लिया उल्टा Kurta ! | FULL MOVIE | Taarak Mehta Ka Ooltah Chashmah,https://www.youtube.com/watch?v=aRSm05RvPwQ,2 months ago,48:08,
158,Bapuji ne Kyu Bola Jethya ko Jyotishi! | FULL MOVIE | Taarak Mehta Ka Ooltah Chashmah,https://www.youtube.com/watch?v=oFTRgKMNBDc,6 months ago,58:21,
159,Kisne diya bhide aur popatlal ka  challenge| FULL MOVIE | Taarak Mehta Ka Ooltah Chashmah,https://www.youtube.com/watch?v=ze_zTj8ADNo,7 months ago,56:53,
160,Gokuldham Wale Chale Disneyland! | FULL MOVIE | Part 2 | Taarak Mehta Ka Ooltah Chashmah EP,https://www.youtube.com/watch?v=R_iVbGK7SH4,1 year ago,1:03:27,Part 2
161,April Fool Banana Pad Gaya Bhari !  | FULL MOVIE | Taarak Mehta Ka Ooltah Chashmah,https://www.youtube.com/watch?v=ygydo2zmmF4,4 months ago,39:44,
162,Babita ke ghar lag gaya advance technology ka AC! | FULL MOVIE | Taarak Mehta Ka Ooltah Chashmah,https://www.youtube.com/watch?v=ysKKfAzvTp4,10 months ago,1:23:41,
163,Popatlal Ki Dulhan! | FULL MOVIE | Part 1 | Taarak Mehta Ka Ooltah Chashmah  Ep 3075 to 3077,https://www.youtube.com/watch?v=1FMCE_KrVgs,2 years ago,58:44,Part 1
164,Jethalal की खुशी पर Surma Bhai ने फेर दिया पानी | Taarak Mehta Ka Ooltah Chashmah | Funny Episodes,https://www.youtube.com/watch?v=5wFE7-SfzPo,7 days ago,1:00:46,
165,Diwali Ki Taiyari! | FULL MOVIE | Part 1 | Taarak Mehta Ka Ooltah Chashmah,https://www.youtube.com/watch?v=QCYrlqrzkHE,1 year ago,58:03,Part 1
166,Kisne Bola Jethalal Ko Mota !  | FULL MOVIE | Taarak Mehta Ka Ooltah Chashmah,https://www.youtube.com/watch?v=3G5pq3m8nIY,4 weeks ago,53:40,
167,Bhide kiske darr se deewar ke pichhe chhup raha hai ! | FULL MOVIE | Taarak Mehta Ka Ooltah Chashmah,https://www.youtube.com/watch?v=uNKvDmTnuug,1 month ago,47:38,
168,Trip to Rang Tarang Resort! I FULL MOVIE | PART 1 I Taarak Mehta Ka Ooltah Chashmah Ep 3193 to 3196,https://www.youtube.com/watch?v=mC6Sejoeq-4,1 year ago,1:14:34,Part 1
169,Jethalal Ka Dream?! | FULL MOVIE |  Taarak Mehta Ka Ooltah Chashmah | तारक मेहता,https://www.youtube.com/watch?v=LxQnBYk6VVo,2 years ago,1:13:08,
170,Jethalal बेहोश Ho Kar सीढ़ियों Se गिर गया ! | FULL MOVIE | Taarak Mehta Ka Ooltah Chashmah,https://www.youtube.com/watch?v=SgQ0z-pjOvM,1 month ago,56:11,
171,Popatlal ka Sona! | FULL MOVIE | Part 5 | Taarak Mehta Ka Ooltah Chashmah Ep 3521 - 3523,https://www.youtube.com/watch?v=GZ028RwEzfA,1 year ago,1:05:30,Part 5
172,Boghilal Ne Fasaya Jethalal Ko!| FULL MOVIE |Part 9 |Taarak Mehta Ka Ooltah Chashmah Ep 3117 to 3119,https://www.youtube.com/watch?v=9VNxBJ57PUY,2 years ago,56:29,Part 9
173,Flats Ka Renovation! | FULL MOVIE | PART 10 I Taarak Mehta Ka Ooltah Chashmah Ep 1801 to 1805,https://www.youtube.com/watch?v=RtZUEFWjl2c,1 year ago,1:04:37,Part 10
174,Popatlal Ko Mili Daravni Dulhan! I FULL MOVIE | Part 1 | Taarak Mehta Ka Ooltah Chashmah,https://www.youtube.com/watch?v=Z9i6ASDxrj0,1 year ago,58:49,Part 1
175,Bhide k Ghar hui Chori ! | FULL MOVIE | Part 1 | Taarak Mehta Ka Ooltah Chashmah Ep 2853 - 2858,https://www.youtube.com/watch?v=h47q_q7bVls,1 year ago,58:23,Part 1
176,Tapu Sena ne kiya Jethalal ke sath daravnak Prank! | FULL MOVIE | Taarak Mehta Ka Ooltah Chashmah,https://www.youtube.com/watch?v=SkSB4JioJ-I,8 months ago,1:19:02,
177,Roshan Ne Khatam kiya Gents ka Sharab! | FULL MOVIE | Taarak Mehta Ka Ooltah Chashmah,https://www.youtube.com/watch?v=0FpIJsK1k78,4 months ago,38:01,
178,Gokuldham Mein Bhootni! | FULL MOVIE | Part 3 | Taarak Mehta Ka Ooltah Chashmah,https://www.youtube.com/watch?v=GVS60W07wkU,1 year ago,55:05,Part 3
179,Gokuldham Football League! I FULL MOVIE | Taarak Mehta Ka Ooltah Chashmah Ep 4149 to 4151,https://www.youtube.com/watch?v=Da3eo_Kqyjk,1 year ago,42:30,
180,15 August Par गोकुलधाम में Hua ज़बरदस्त Program ! | FULL MOVIE | Taarak Mehta Ka Ooltah Chashmah,https://www.youtube.com/watch?v=6AxSEmEEjdw,15 hours ago,58:33,
181,VOTE FOR SUNDERLAL! I PART 1 I FULL MOVIE I Taarak Mehta Ka Ooltah Chashmah |  तारक मेहता,https://www.youtube.com/watch?v=d-zkghOiugk,2 years ago,56:17,Part 1
182,Hathi Bhai ने हिला दी Popatlal की दुनिया !  | FULL MOVIE | Taarak Mehta Ka Ooltah Chashmah,https://www.youtube.com/watch?v=UI49UZ_twp8,1 month ago,30:04,
183,Bhide Ko Lagi 1 Crore  Lottery! | FULL MOVIE | Part 2 | Taarak Mehta Ka Ooltah Chashmah Ep 581 - 583,https://www.youtube.com/watch?v=lj6a3aPOYgI,1 year ago,52:30,Part 2
184,Lady Chor in Gokuldham! | FULL MOVIE | Part 2 | Taarak Mehta Ka Ooltah Chashmah  Ep 1811 - 1819,https://www.youtube.com/watch?v=0t51fKfpmQ0,1 year ago,1:22:50,Part 2
185,Society Chod kar Kaha Chale gokuldham wale?! | FULL MOVIE | Part 8 |Taarak Mehta Ka Ooltah Chashmah,https://www.youtube.com/watch?v=YWV48EOKTn4,1 year ago,56:10,Part 8
186,Tapu aur Sonu ki Shadi ! | FULL MOVIE | Part 2 | Taarak Mehta Ka Ooltah Chashmah| तारक मेहता,https://www.youtube.com/watch?v=ByDpd7kgBu0,1 year ago,59:13,Part 2
187,Apna Apna Muh kyu Chupa Rahe hai Gokuldham Wale? | FULL MOVIE | Taarak Mehta Ka Ooltah Chashmah,https://www.youtube.com/watch?v=Qcz6qEM8fLY,10 months ago,57:27,
188,Bhide Ko Istri Wala Bolkar Jethya ne Liya Firki !   | FULL MOVIE | Taarak Mehta Ka Ooltah Chashmah,https://www.youtube.com/watch?v=mbH22I_tXPg,1 month ago,34:45,
189,BABITA KI BIRTHDAY PARTY! I PART 2 I FULL MOVIE I Taarak Mehta Ka Ooltah Chashmah |  तारक मेहता,https://www.youtube.com/watch?v=ztdL446ojK4,2 years ago,1:06:56,Part 2
190,Bhootni को देखकर Bhide की हिल गई Duniya !   | FULL MOVIE | Taarak Mehta Ka Ooltah Chashmah,https://www.youtube.com/watch?v=5p_GhkAAJfU,1 month ago,1:54:20,
191,GOKULDHAM PREMIER LEAGUE ! I FULL MOVIE | PART 2 I Taarak Mehta Ka Ooltah Chashmah | तारक मेहता,https://www.youtube.com/watch?v=5ziEhq6Liyo,2 years ago,1:28:37,Part 2
192,Tapu aur Sonu ki Shadi ! | FULL MOVIE | Part 1 | Taarak Mehta Ka Ooltah Chashmah| तारक मेहता,https://www.youtube.com/watch?v=MeYncvktVNE,1 year ago,59:42,Part 1
193,Gokuldham Vaccine Mohotsav! | FULL MOVIE | Part 3 | Taarak Mehta Ka Ooltah Chashmah,https://www.youtube.com/watch?v=jSMztnnCgtQ,1 year ago,1:03:23,Part 3
194,Ek Din me Babita ji se English kaise Sikhega Jethya ! | FULL MOVIE | Taarak Mehta Ka Ooltah Chashmah,https://www.youtube.com/watch?v=EaHiuuuJTgQ,9 days ago,40:06,
195,Cricket ki Wajah se Popatlal ne Kiya Hungama  !   | FULL MOVIE | Taarak Mehta Ka Ooltah Chashmah,https://www.youtube.com/watch?v=9ONJoelNMZM,3 weeks ago,34:38,
196,आधी Raat को Bhide और Bapuji के सामने आई Bhootni !  | FULL MOVIE | Taarak Mehta Ka Ooltah Chashmah,https://www.youtube.com/watch?v=xe2QmhEECSg,1 month ago,1:39:42,
197,Komal Ka Diet! | FULL MOVIE | Part 2 | Taarak Mehta Ka Ooltah Chashmah  Ep 2276 to 2279,https://www.youtube.com/watch?v=Y8vWSb7Lr0I,2 years ago,1:28:50,Part 2
198,Hathi Bhai Ne Bhide Ka Kurta फाड़ दिया ! | FULL MOVIE | Taarak Mehta Ka Ooltah Chashmah,https://www.youtube.com/watch?v=DkX4f8LwWm8,17 hours ago,55:05,
199,Jethiya Ne Daya से लगाया Challenge !  | FULL MOVIE | Taarak Mehta Ka Ooltah Chashmah,https://www.youtube.com/watch?v=OhHZ5Ggcbs8,9 days ago,55:28,
200,Bhide की वजह से Society Meeting में मचा Bawal !  | FULL MOVIE | Taarak Mehta Ka Ooltah Chashmah,https://www.youtube.com/watch?v=9M8Y0_RC5ao,8 days ago,1:00:29,
201,Tappu sena से मिला Bhide को Surprise  !  | FULL MOVIE | Taarak Mehta Ka Ooltah Chashmah,https://www.youtube.com/watch?v=5gOSlz8Vomc,8 days ago,57:13,
202,Society ke Bccho ko lekar Bhide jayega Picnic !  | FULL MOVIE | Taarak Mehta Ka Ooltah Chashmah,https://www.youtube.com/watch?v=1KqxrWQ2_WE,5 days ago,40:56,
203,सबके सामने Bhide ने मारा फालतू Joke !   | FULL MOVIE | Taarak Mehta Ka Ooltah Chashmah,https://www.youtube.com/watch?v=x76oOSGl51w,9 days ago,40:18,
204,Jethalal Bamboo Leke Kiske Piche Bhag Raha Hai!!! | FULL MOVIE | Taarak Mehta Ka Ooltah Chashmah,https://www.youtube.com/watch?v=pN6n2Ztprqk,4 months ago,46:11,
205,Anjali ke Darr se Jetha aur Bhide dhoye Bartan ! | FULL MOVIE | Taarak Mehta Ka Ooltah Chashmah,https://www.youtube.com/watch?v=QsECEjrDoYo,9 days ago,37:47,
206,Popatlal Ko Mila Dhokha ! | FULL MOVIE | Taarak Mehta Ka Ooltah Chashmah,https://www.youtube.com/watch?v=d1xm2-w_ZOM,2 months ago,53:41,
207,Sodhi Ne Kiya Dosto ke Sath Hungama! | FULL MOVIE | Part 5 | Taarak Mehta Ka Ooltah Chashmah,https://www.youtube.com/watch?v=nwh6HqTtdkU,1 year ago,50:48,Part 5
208,Bhide Ka Sakharam Chori! | FULL MOVIE | Part 6 | Taarak Mehta Ka Ooltah Chashmah  Ep 2123 to 2125,https://www.youtube.com/watch?v=TdtAzYdPyDc,2 years ago,37:53,Part 6
209,Ganesh Chaturthi Special I FULL MOVIE | Taarak Mehta Ka Ooltah Chashmah Ep 2813 to 2815,https://www.youtube.com/watch?v=ht0_WqSipt4,1 year ago,57:29,
210,Boghilal Ne Fasaya Jethalal Ko!|FULL MOVIE |Part 10 |Taarak Mehta Ka Ooltah Chashmah Ep 3120 to 3123,https://www.youtube.com/watch?v=-GUKrogJ9MY,2 years ago,1:16:42,Part 10
211,Bhide Kisko इशारे mai Aise baat kar raha hai? | FULL MOVIE | Taarak Mehta Ka Ooltah Chashmah,https://www.youtube.com/watch?v=T-XgAnBYbMo,10 months ago,1:04:15,
212,Bhide Ne खींच ली Jethalal Ki Secret Photo ! | FULL MOVIE | Taarak Mehta Ka Ooltah Chashmah,https://www.youtube.com/watch?v=jxHjFMX4shU,13 hours ago,1:00:09,
213,Popatlal Ka Pehla Pyar | FULL MOVIE | Taarak Mehta Ka Ooltah Chashmah Ep 241 to 244,https://www.youtube.com/watch?v=jLnhfsu5A8E,2 years ago,1:21:51,
214,Jethalal से Bhide ने माँगा Decoration का खर्चा !!  | FULL MOVIE | Taarak Mehta Ka Ooltah Chashmah,https://www.youtube.com/watch?v=m_0CrAqmH1c,7 days ago,54:44,
215,Bapuji Ka Secret Mission! | FULL MOVIE | Part 6 | Taarak Mehta Ka Ooltah Chashmah  Ep 3430 to 3433,https://www.youtube.com/watch?v=S0D5x_8-JgE,2 years ago,57:16,Part 6
216,Bhide’s Student Fails SSC!| FULL MOVIE | Part 2 | Taarak Mehta Ka Ooltah Chashmah Ep 2217 - 2219,https://www.youtube.com/watch?v=kMMKrf1RQTo,1 year ago,49:21,Part 2
217,Bapu Ji Ki नज़र Balcony Se किस पर पड़ी ! | FULL MOVIE | Taarak Mehta Ka Ooltah Chashmah,https://www.youtube.com/watch?v=BdIvXSb48eE,1 day ago,55:11,
218,Daya को देखकर क्यों डर गए Bhide और Madhavi !  | FULL MOVIE | Taarak Mehta Ka Ooltah Chashmah,https://www.youtube.com/watch?v=ueugnuqVYo8,8 days ago,57:47,
219,Bhide Ke Scooter Me Petrol Hua Khatam ! | FULL MOVIE | Taarak Mehta Ka Ooltah Chashmah,https://www.youtube.com/watch?v=1Cueq5RNqVg,1 day ago,34:08,
220,"Tapu Sena क्यों भिड़ गई Don ""Ranga"" से? | Taarak Mehta Ka Ooltah Chashmah | Labour Story - Part 2",https://www.youtube.com/watch?v=N7ovrcps-UY,3 years ago,1:50:25,Part 2
221,STOLEN CAR! I PART 2 I FULL MOVIE I Taarak Mehta Ka Ooltah Chashmah |  तारक मेहता,https://www.youtube.com/watch?v=hrhYTE--jEA,2 years ago,1:02:35,Part 2
222,Ghost Bride को देखकर सब बने भीगी बिल्ली | Taarak Mehta Ka Ooltah Chashmah | Bhootni Story | Part 3,https://www.youtube.com/watch?v=5YDA4lX06gk,3 years ago,2:50:26,Part 3
223,Sodhi ने तोड़ दिया Water Tank का ताला | Taarak Mehta Ka Ooltah Chashmah | Pani Ki Chinta (Part 1),https://www.youtube.com/watch?v=bgeFbLZlTSY,3 years ago,1:33:25,Part 1
224,STOLEN CAR! I PART 1 I FULL MOVIE I Taarak Mehta Ka Ooltah Chashmah |  तारक मेहता,https://www.youtube.com/watch?v=pQA0ioe_8p4,2 years ago,55:08,Part 1
225,किसको देखकर घबरा गया Popat? | Taarak Mehta Ka Ooltah Chashmah | Physics Wala Story,https://www.youtube.com/watch?v=iUGG7mhOo9c,1 year ago,58:43,
226,Gokuldham पर मंडराया एक Bhootni का साया | Taarak Mehta Ka Ooltah Chashmah | Bhootni Story,https://www.youtube.com/watch?v=Pi-xksDRgyE,3 years ago,2:57:27,
227,MUKTI MAA AASHRAM! I FULL MOVIE I Taarak Mehta Ka Ooltah Chashmah - Ep 932 to Ep 935,https://www.youtube.com/watch?v=NX5uUE1nUWE,2 years ago,1:13:29,
228,महिला मंडल के सामने Superhero बने Jethalal! | Taarak Mehta Ka Ooltah Chashmah | Nimbu Story Part-1,https://www.youtube.com/watch?v=GfUwGQyXyDM,3 years ago,1:39:21,Part 1
229,Gokuldham वासियों ने किया Sting Operation | Taarak Mehta Ka Ooltah Chashmah | Milk Story,https://www.youtube.com/watch?v=kK8lVsJ0gmM,1 year ago,58:08,
230,Jetha ने Taarak को बुलाया नाश्ते पर! | Taarak Mehta Ka Ooltah Chashmah | Mall Story,https://www.youtube.com/watch?v=SGQNfc0Mqos,3 years ago,1:14:17,
231,Nimbu Ki Hera Pheri  | FULL MOVIE | Part 2 | Taarak Mehta Ka Ooltah Chashmah  Ep 3445 to 3447,https://www.youtube.com/watch?v=lHxKjPHqX4A,2 years ago,1:01:50,Part 2
232,Bhootni Story | Full Episode | Part 2 | Taarak Mehta Ka Ooltah Chashmah | तारक मेहता का उल्टा चश्मा,https://www.youtube.com/watch?v=4JtgwW8BTPM,2 years ago,1:37:02,Part 2
233,Ghost Bride ने Popat को कहा आत्मा बनने के लिए | Taarak Mehta Ka Ooltah Chashmah |Bhootni Story|Part2,https://www.youtube.com/watch?v=_x7s2k6Dbek,3 years ago,2:50:10,Part 2
234,"Taarak & Jetha के लिए Anjali ने बनाया ""करेले का हलवा"" |Taarak Mehta Ka Ooltah Chashmah| Karela Story",https://www.youtube.com/watch?v=_omFQbiNxmE,3 years ago,2:31:27,
235,Weekly Reliv - Taarak Mehta Ka Ooltah Chashmah - Episodes 3639 - 3644 | 12 Dec 2022 To 17 Dec 2022,https://www.youtube.com/watch?v=Xd-IknPfCD4,3 years ago,43:24,
236,"Taarak पे चढ़ गया ""Karele का Bhoot"" | Taarak Mehta Ka Ooltah Chashmah | Karela Story Part - 2",https://www.youtube.com/watch?v=LrMJ-zbVBhw,3 years ago,2:33:56,Part 2
237,Bhide ko Kyu Laga Abdul ka Soda Kadwa! | FULL MOVIE | Taarak Mehta Ka Ooltah Chashmah,https://www.youtube.com/watch?v=rVDUBYLUoEM,10 months ago,51:25,
238,Karele का भूत भगाने आए 'चूड़ी वाले Baba'! | Taarak Mehta Ka Ooltah Chashmah | Karela Story Part - 3,https://www.youtube.com/watch?v=8WqjECgw5bU,3 years ago,1:54:51,Part 3
239,Taarak's Karela Escape! I FULL MOVIE | PART 1 I Taarak Mehta Ka Ooltah Chashmah Ep 3339 to 3342,https://www.youtube.com/watch?v=UZPScEYPlys,1 year ago,1:16:07,Part 1
240,Water Tanker in Gokuldham! | FULL MOVIE | Part 1 | Taarak Mehta Ka Ooltah Chashmah,https://www.youtube.com/watch?v=lPmXbq_PBMs,1 year ago,1:13:56,Part 1
241,Sodhi ने क्यों किया Iyer पर अचानक हमला? | Taarak Mehta KaOoltah Chashmah | Milk Story,https://www.youtube.com/watch?v=8wfsPkkNR-A,2 years ago,1:19:34,
242,Chabhi ki Hera Pheri! | FULL MOVIE | Part 1 | Taarak Mehta Ka Ooltah Chashmah Ep 3361 to 3364,https://www.youtube.com/watch?v=LjtvOTuDmkw,2 years ago,1:18:03,Part 1
243,Jetha के पीछे क्यों पड़े Gokuldham वासी? | Taarak Mehta Ka Ooltah Chashmah | Pagar Andolan,https://www.youtube.com/watch?v=72DTIGGHNAY,3 years ago,2:26:56,
244,Bapuji ने TV पर देखा Tapu को मजदूर के भेस में | Taarak Mehta KaOoltah Chashmah | Labour Story Part 3,https://www.youtube.com/watch?v=6B6_kVc6VBk,2 years ago,1:00:28,Part 3
245,Jetha Auto पकड़ने में हुआ Fail | Taarak Mehta Ka Ooltah Chashmah | Contractor Story (Part 1),https://www.youtube.com/watch?v=gRMtG2NAYTg,3 years ago,2:11:50,Part 1
246,Bhide कैसे फँस गया नींबू की हेरा फेरी में? | Taarak Mehta Ka Ooltah Chashmah | Nimbu Story Part-2,https://www.youtube.com/watch?v=1zbleUwG0Yk,3 years ago,1:18:37,Part 2
247,Taarak aur Jethalal kyu Khich Rahe hai Bhide ko! | FULL MOVIE | Taarak Mehta Ka Ooltah Chashmah,https://www.youtube.com/watch?v=Fi9LhmjbSJI,11 months ago,37:25,
248,Abdul ने क्यों बढ़ाया दूध का भाव? | Taarak Mehta Ka Ooltah Chashmah | Doodh Ka Scam,https://www.youtube.com/watch?v=Ban5l75F2Dc,1 year ago,58:51,
249,Bhide की Batting से ज़ोर से गिर पड़े Bapuji | Taarak Mehta Ka Ooltah Chashmah | Labour Story Part 1,https://www.youtube.com/watch?v=0CYiCnVeStA,3 years ago,1:34:07,Part 1
250,Tarak Ka Affair | Full Episode | Taarak Mehta Ka Ooltah Chashmah | तारक मेहता का उल्टा चश्मा,https://www.youtube.com/watch?v=7XNJnGn2R3A,2 years ago,2:14:21,
251,Sodhi ki Anniversary | FULL MOVIE | Part 1 | Taarak Mehta Ka Ooltah Chashmah Ep 3948 to 3950,https://www.youtube.com/watch?v=R2kshyfMnfM,2 years ago,57:40,Part 1
252,काई के कारण धड़ाम से गिरे Gokuldham वासी! | Taarak Mehta Ka Ooltah Chashmah | Renovation Story,https://www.youtube.com/watch?v=QFFnIC-MaCY,3 years ago,1:38:17,
253,Sodhi Hua Kidnap! I FULL MOVIE | Part 3 Taarak Mehta Ka Ooltah Chashmah Ep 1376 to 1378,https://www.youtube.com/watch?v=BHR5qbRQZRI,1 year ago,58:41,Part 3
254,SODHI KA OPERATION! I FULL MOVIE I Taarak Mehta Ka Ooltah Chashmah | तारक मेहता का उल्टा चश्मा,https://www.youtube.com/watch?v=tNivxPP8vQM,2 years ago,42:58,
255,Madhvi Ke Sath Hua Otp Scam!| FULL MOVIE | Part 1 | Taarak Mehta Ka Ooltah Chashmah Ep 4003 to 4005,https://www.youtube.com/watch?v=Q4ziJrsqbTY,2 years ago,56:59,Part 1
256,Bhootni Story | FULL EPISODE |  Part 1 | Taarak Mehta Ka Ooltah Chashmah | तारक मेहता का उल्टा चश्मा,https://www.youtube.com/watch?v=1pK_manvlwU,2 years ago,1:46:06,Part 1
257,किस चीज़ को देखकर Popatlal और Bapuji हुए Shock? |Taarak Mehta Ka Ooltah Chashmah | Haunted Radio,https://www.youtube.com/watch?v=y7pcmdnRL3g,7 months ago,1:00:02,
258,Tapu Sena Vacation Games! | FULL MOVIE | Part 1 | Taarak Mehta Ka Ooltah Chashmah,https://www.youtube.com/watch?v=46AD-CHhCpY,1 year ago,50:33,Part 1
259,Aapas me Kyu Jhagdne lage Bhide aur Jethya?! | FULL MOVIE | Part 1 |Taarak Mehta Ka Ooltah Chashmah,https://www.youtube.com/watch?v=Srk0vpgh4aw,1 year ago,56:19,Part 1
260,छुप-छुपकर Jethalal सुन रहा है किसकी बातें? | FULL MOVIE | Part 1 |Taarak Mehta Ka Ooltah Chashmah,https://www.youtube.com/watch?v=HS1H121GUSQ,1 year ago,54:23,Part 1
261,Purush Mandali Ki Pyaar Ki Pariksha! | FULL MOVIE | Part 4 | Taarak Mehta Ka Ooltah Chashmah,https://www.youtube.com/watch?v=Rq_QV0Feu-c,1 year ago,1:14:43,Part 4
262,Bapuji Ki Hichki Ki Kahani! | FULL MOVIE |  Taarak Mehta Ka Ooltah Chashmah,https://www.youtube.com/watch?v=t6fR5R7Ih74,1 year ago,1:19:56,
263,दूध का भाव बढ़ने से Abdul पर भड़का Popatlal | Taarak Mehta Ka Ooltah Chashmah | Doodh Ka Badha Bhaaw,https://www.youtube.com/watch?v=7TadW0_jW3E,1 year ago,1:00:30,
264,Goli Fhas Gaya Ghufa Mai! | FULL MOVIE |  Taarak Mehta Ka Ooltah Chashmah,https://www.youtube.com/watch?v=-x-Ke62L58k,1 year ago,56:56,
265,Weekly Reliv - Taarak Mehta Ka Ooltah Chashmah - Episodes 3717 - 3722 | 13 Mar 2023 To 18 Mar 2023,https://www.youtube.com/watch?v=dJFLA5yMK7g,3 years ago,44:41,
266,Samosa खाते वक्त Jetha को आया किसका Call? | Taarak Mehta Ka Ooltah Chashmah | Best Episodes,https://www.youtube.com/watch?v=JzG75QfkzSw,1 day ago,58:55,
267,Abdul Ka Birthday Hungama! I FULL MOVIE | PART 1 I Taarak Mehta Ka Ooltah Chashmah Ep 4099 to 4102,https://www.youtube.com/watch?v=nrfURwh841M,1 year ago,1:05:22,Part 1
268,lawyer की हालत देखकर Jetha हुआ Shock | Taarak Mehta Ka Ooltah Chashmah | Best Episodes,https://www.youtube.com/watch?v=FITZDhz3Jv4,11 hours ago,1:01:40,
269,PRESSURE COOKER KA CONFUSION! I PART 1 I FULL MOVIE I Taarak Mehta Ka Ooltah Chashmah |  तारक मेहता,https://www.youtube.com/watch?v=FIxGBmBcXQg,2 years ago,59:56,Part 1
270,Tension Free होकर Jetha ने खाए फाफड़ा जलेबी I Taarak Mehta Ka Ooltah Chashmah I Episodes 4761 - 4766,https://www.youtube.com/watch?v=WN9WwKCnB2w,8 hours ago,2:06:40,
271,Bhide Ka Bhangar | FULL MOVIE | Part 1 | Taarak Mehta Ka Ooltah Chashmah Ep 3976 to 3978,https://www.youtube.com/watch?v=_6SfatdoWmw,2 years ago,58:27,Part 1
272,Goli Hua Society Se Gayab! I FULL MOVIE | Part 1 | Taarak Mehta Ka Ooltah Chashmah Ep 4142 to 4144,https://www.youtube.com/watch?v=y-INvlNslHc,1 year ago,58:04,Part 1
273,जेठालाल ne Kyu Mara Iyer ko थप्पड़?! | FULL MOVIE | Taarak Mehta Ka Ooltah Chashmah,https://www.youtube.com/watch?v=-ghVNS806c8,1 year ago,45:40,
274,Bhide के Scooter की वजह से Jetha हुआ परेशान | Taarak Mehta Ka Ooltah Chashmah | Best Episodes,https://www.youtube.com/watch?v=Lj3oL_ujmEg,9 hours ago,51:28,
275,Sodhi ne Kharida Naya Jeep!| FULL MOVIE | Part 1 | Taarak Mehta Ka Ooltah Chashmah,https://www.youtube.com/watch?v=s8FfDsxLrKQ,1 year ago,59:10,Part 1
276,Kaise Jala Bhide ka Kurta?| FULL MOVIE | Taarak Mehta Ka Ooltah Chashmah | तारक मेहता का उल्टा चश्मा,https://www.youtube.com/watch?v=uR40NCdjS30,1 year ago,53:31,
277,Jethalal को Dance के बाद मिली Punishment | Taarak Mehta Ka Ooltah Chashmah | Ganesh Utsav,https://www.youtube.com/watch?v=qqMpxD3ey1U,13 hours ago,32:41,
278,Bike का Cutout देखकर Curious हुए Jetha और Taarak | Taarak Mehta Ka Ooltah Chashmah |Special Function,https://www.youtube.com/watch?v=CEA-NG7snkY,15 hours ago,57:40,
279,आधी Raat को Jetha का Bhootni से Pada पाला !  | FULL MOVIE | Taarak Mehta Ka Ooltah Chashmah,https://www.youtube.com/watch?v=kOmp-PgOU9M,1 month ago,2:23:13,
280,Iyer bhai Ne Tod Diya Popatlal ka smartphone! | FULL MOVIE | Taarak Mehta Ka Ooltah Chashmah,https://www.youtube.com/watch?v=AWt1Mzj5jx0,11 months ago,58:30,
281,Taxi में सोता हुआ मिला Jethalal | Taarak Mehta Ka Ooltah Chashmah | Jetha Ki Foreign Trip,https://www.youtube.com/watch?v=mdtW9LPEdUM,14 hours ago,1:02:40,
282,Babu Chipke Bana Contractor! I FULL MOVIE | Part 3 | Taarak Mehta Ka Ooltah Chashmah Ep 3598 to 3600,https://www.youtube.com/watch?v=6nYvQbD0krg,1 year ago,54:47,Part 3
283,Jethalal kyu nikla sabji bhejne?! | FULL MOVIE | Taarak Mehta Ka Ooltah Chashmah,https://www.youtube.com/watch?v=__LeLck-CtQ,11 months ago,58:06,
284,Tiffin देखकर Jetha हुआ Excited | Taarak Mehta Ka Ooltah Chashmah | Gada Electronics Me Chori,https://www.youtube.com/watch?v=0PrB-xSUTkc,8 days ago,1:02:51,
285,Jethalal ne Dikhaye Babita ke samne Unique dance steps |FULL MOVIE | Taarak Mehta Ka Ooltah Chashmah,https://www.youtube.com/watch?v=VAR_htN7P8c,11 months ago,53:46,
286,Kisko Dhund Ne Nikli Purush mandali?! | FULL MOVIE | Taarak Mehta Ka Ooltah Chashmah,https://www.youtube.com/watch?v=GnIVKCGpOjo,11 months ago,56:45,
287,Tapu Sena Ne Kiya School Bunk! | FULL MOVIE | Part 1 | Taarak Mehta Ka Ooltah Chashmah | तारक मेहता,https://www.youtube.com/watch?v=ggg6f1Xn5zo,1 year ago,1:12:26,Part 1
288,Jetha ने की Iyer की तारीफ़ | Taarak Mehta Ka Ooltah Chashmah | Best Episodes,https://www.youtube.com/watch?v=jAUbNhkQx_k,17 hours ago,58:31,
289,Bhide Ki Istri?! | FULL MOVIE | PART 1 | Taarak Mehta Ka Ooltah Chashmah - Ep 1843 to 1846,https://www.youtube.com/watch?v=gOYgzf0DYcM,2 years ago,1:14:44,Part 1
290,Jethalal Biggest Surprise! | FULL MOVIE | Part 1 | Taarak Mehta Ka Ooltah Chashmah,https://www.youtube.com/watch?v=xKBZrcv15PU,1 year ago,47:28,Part 1
291,Milk Mystery सुलझाने निकले Gokuldham के Gents | Taarak Mehta Ka Ooltah Chashmah | Milk Story,https://www.youtube.com/watch?v=uO9UuUR2dUM,6 months ago,40:41,
292,Bapuji ने क्यों की Gokuldham छोड़ कर जाने की ज़िद? | Taarak Mehta Ka Ooltah Chashmah | Bank Story,https://www.youtube.com/watch?v=wgOGa_S6XzE,8 months ago,1:02:24,
293,Babita Ka Swimming Classes! | FULL MOVIE | Part 1 | Taarak Mehta Ka Ooltah Chashmah | तारक मेहता,https://www.youtube.com/watch?v=wOyvSCfzNBk,1 year ago,58:21,Part 1
294,Gokuldham Mai Hui Chori! | FULL MOVIE | Part 3 | Taarak Mehta Ka Ooltah Chashmah Ep 159 to 163,https://www.youtube.com/watch?v=S8UNCyYlnX0,2 years ago,1:26:38,Part 3
295,Jetha और Popatlal को लेना है Bhide से बदला | Taarak Mehta Ka Ooltah Chashmah | The Cat Story -Part 3,https://www.youtube.com/watch?v=-1ob381DKlA,3 years ago,1:54:48,Part 3
296,Gokuldham के Gents ने करली Police की गाड़ी चोरी |Taarak Mehta Ka Ooltah Chashmah |Police Ki Car Chori,https://www.youtube.com/watch?v=zhUshpX8Zn0,4 years ago,2:09:30,
297,Ek Cup Chai! | FULL MOVIE | Part 2| Taarak Mehta Ka Ooltah Chashmah  Ep 1858 to 1860,https://www.youtube.com/watch?v=6UPD0Cq3PGA,2 years ago,1:02:00,Part 2
298,Bhide ne Banaya Popatlal ka Majak! | FULL MOVIE | Taarak Mehta Ka Ooltah Chashmah,https://www.youtube.com/watch?v=_GYaJnMuOv8,9 months ago,54:12,
299,Bagha Bawari Chale Khandala ! | FULL MOVIE | Part 1| Taarak Mehta Ka Ooltah Chashmah,https://www.youtube.com/watch?v=xrWuLKers6s,1 year ago,58:18,Part 1
300,Jethalal ne Manga Babita se Lift?! | FULL MOVIE | Part 1 | Taarak Mehta Ka Ooltah Chashmah,https://www.youtube.com/watch?v=bxAMsnGyO8s,1 year ago,59:58,Part 1
301,Babita Brings a Special Dish for Jethalal! | FULL MOVIE | Taarak Mehta Ka Ooltah Chashmah,https://www.youtube.com/watch?v=hS7i4eGY7xc,1 year ago,32:09,
302,Jethalal ne kis baat pe kahi Babita ki कसम?!  FULL MOVIE | Taarak Mehta Ka Ooltah Chashmah,https://www.youtube.com/watch?v=8pHbwUM9yms,11 months ago,58:00,
303,Gokuldham में शुरू हुआ Painting का काम | Taarak Mehta Ka Ooltah Chashmah | Renovation Story,https://www.youtube.com/watch?v=uBY0PSjyHTE,3 years ago,1:18:16,
304,Sodhi Ne Becha Apna Jeep  | FULL MOVIE | Part 5 | Taarak Mehta Ka Ooltah Chashmah,https://www.youtube.com/watch?v=m_2H1f1h0C0,1 year ago,50:41,Part 5
305,Bhide Ka Cooker! | FULL MOVIE | Taarak Mehta Ka Ooltah Chashmah  Ep 1991 to 1993,https://www.youtube.com/watch?v=qaH2Ngyoc3Q,2 years ago,57:11,
306,New Virus Alert ! | FULL MOVIE | Part 1 | Taarak Mehta Ka Ooltah Chashmah,https://www.youtube.com/watch?v=zp4N1DHcLkU,1 year ago,44:55,Part 1
307,Three Trucks in Gokuldham! | FULL MOVIE | Part 1 | Taarak Mehta Ka Ooltah Chashmah,https://www.youtube.com/watch?v=1B0O82Imde4,1 year ago,1:02:32,Part 1
308,Nimbu Ki Hera Pheri  | FULL MOVIE | Part 1 | Taarak Mehta Ka Ooltah Chashmah  Ep 3442 to 3444,https://www.youtube.com/watch?v=Y9of054l3yo,2 years ago,58:02,Part 1
309,Tapu Sena क्यों छुपा रहे हैं सभी से बिल्ली? |Taarak Mehta Ka Ooltah Chashmah| The Cat Story - Part 1,https://www.youtube.com/watch?v=NyO-7G_r1Ng,3 years ago,2:16:00,Part 1
310,Tamatar Ki Chori?! | FULL MOVIE I PART 1|  Taarak Mehta Ka Ooltah Chashmah | तारक मेहता,https://www.youtube.com/watch?v=vrRiTSYlUNo,2 years ago,52:54,Part 1
311,Gokuldham Mein Bhootni! | FULL MOVIE | Part 4 | Taarak Mehta Ka Ooltah Chashmah,https://www.youtube.com/watch?v=_j4mjL0kiJA,1 year ago,1:04:40,Part 4
312,Daravni Dulhan ne Pehnaya Kankal Vala Haar! 💀 | FULL MOVIE | Taarak Mehta Ka Ooltah Chashmah,https://www.youtube.com/watch?v=7hSVrWis8Ps,1 year ago,57:08,
313,Ajay Devgn ने खरीदी Sonu की बनाई Chocolates |Taarak Mehta Ka Ooltah Chashmah| Chocolate Story-Part 2,https://www.youtube.com/watch?v=Oth03In_MFg,3 years ago,1:30:49,Part 2
314,Jethalal Trip To Mahabaleshwar   | FULL MOVIE |  Taarak Mehta Ka Ooltah Chashmah Ep 327 to 330,https://www.youtube.com/watch?v=uAzSuqnsfZc,2 years ago,1:32:44,
315,Nashe ki Halat me Mahila Mandal! I FULL MOVIE | Part 1 Taarak Mehta Ka Ooltah Chashmah,https://www.youtube.com/watch?v=2UB_4Rq3GHg,1 year ago,59:53,Part 1
316,Sodhi ने क्यों मारा Bhide को Scooter से धक्का?|Taarak Mehta Ka Ooltah Chashmah|The Cat Story Part- 4,https://www.youtube.com/watch?v=qDggMWR12r8,3 years ago,2:13:04,Part 4
317,Gokuldhamvasi Ke Samne Ayi ek Bhayanak Atma! | FULL MOVIE | Taarak Mehta Ka Ooltah Chashmah,https://www.youtube.com/watch?v=kjLVw3KKjcY,1 year ago,1:00:17,
318,Daya Pe Ayi Nayi Musibat! I FULL MOVIE | PART 1 I Taarak Mehta Ka Ooltah Chashmah Ep 1025 to 1028,https://www.youtube.com/watch?v=asOizhOTt5w,1 year ago,1:10:46,Part 1
319,Society Repairing! | FULL MOVIE | Part 1 | Taarak Mehta Ka Ooltah Chashmah,https://www.youtube.com/watch?v=SW5miiUyra4,1 year ago,51:53,Part 1
320,Jetha के Business को लगी किसकी नज़र? I Taarak Mehta Ka Ooltah Chashmah I Episodes 4755 - 4760,https://www.youtube.com/watch?v=wE8hHxO0vzk,7 days ago,2:00:44,
321,Sodhi Hua Kidnap! I FULL MOVIE | Part 1 Taarak Mehta Ka Ooltah Chashmah Ep 1370 to 1372,https://www.youtube.com/watch?v=bvIrrhCMn6c,1 year ago,57:48,Part 1
322,Jethalal Ke Shop Mai Hua Leakage! I FULL MOVIE | Part 1 | Taarak Mehta Ka Ooltah Chashmah,https://www.youtube.com/watch?v=m1FJB8Md8pI,1 year ago,1:15:33,Part 1
323,Sodhi ki Anniversary | FULL MOVIE | Part 3 | Taarak Mehta Ka Ooltah Chashmah Ep 3954 to 3956,https://www.youtube.com/watch?v=TWNNg9CbYRg,2 years ago,58:48,Part 3
324,Sodhi ki Anniversary | FULL MOVIE | Part 2 | Taarak Mehta Ka Ooltah Chashmah Ep 3951 to 3953,https://www.youtube.com/watch?v=nXDSG7RfpoM,2 years ago,57:33,Part 2
325,Jethalal ke Sir me Dard! | FULL MOVIE | Taarak Mehta Ka Ooltah Chashmah,https://www.youtube.com/watch?v=IY5WbI0vFFU,1 year ago,1:01:17,
326,Kya Hai 11 Lakh Ka Chakkar?! | FULL MOVIE | Part 2 | Taarak Mehta Ka Ooltah Chashmah,https://www.youtube.com/watch?v=48keObwM2MU,1 year ago,55:46,Part 2
327,Gokuldhamvasi ne Ki babita ke gharpe Night out! | FULL MOVIE | Taarak Mehta Ka Ooltah Chashmah,https://www.youtube.com/watch?v=Drd9QYvWCzU,11 months ago,44:14,
328,Popatlal ka Sona! | FULL MOVIE | Part 3 | Taarak Mehta Ka Ooltah Chashmah Ep 3515 - 3517,https://www.youtube.com/watch?v=HyIQi3veNzU,1 year ago,57:03,Part 3
329,PHAS GAYA JETHALAL?! I FULL MOVIE I Taarak Mehta Ka Ooltah Chashmah | तारक मेहता का उल्टा चश्मा,https://www.youtube.com/watch?v=RLpIkfmVNdA,2 years ago,1:06:33,
330,Flats Ka Renovation!| FULL MOVIE | PART 1 I Taarak Mehta Ka Ooltah Chashmah Ep 1758 to 1761,https://www.youtube.com/watch?v=zstKOq1hZYw,1 year ago,1:14:12,Part 1
331,Society Repairing! | FULL MOVIE | Part 8 | Taarak Mehta Ka Ooltah Chashmah,https://www.youtube.com/watch?v=boIkABbAwgk,1 year ago,1:33:42,Part 8
332,Taarak's Karela Escape! I FULL MOVIE | PART 2 I Taarak Mehta Ka Ooltah Chashmah Ep 3343 to 3346,https://www.youtube.com/watch?v=MZ67m86Ea-o,1 year ago,1:15:55,Part 2
333,Tapu Sena क्यों बने मजदूर? | Taarak Mehta Ka Ooltah Chashmah | Mission Hathoda,https://www.youtube.com/watch?v=3YR9TaJDbjA,8 days ago,57:10,
334,Iyer Ki Surprise Car | FULL MOVIE | Part 2 | Taarak Mehta Ka Ooltah Chashmah  Ep 3829 to 3830,https://www.youtube.com/watch?v=t9cWuWCS3_Y,2 years ago,39:35,Part 2
335,CID I PART 1 I FULL MOVIE I Taarak Mehta Ka Ooltah Chashmah,https://www.youtube.com/watch?v=4KaFFL9rUe8,2 years ago,1:37:28,Part 1
336,Gokuldham Me Chori! ! | FULL MOVIE | Part 1 | Taarak Mehta Ka Ooltah Chashmah | तारक मेहता,https://www.youtube.com/watch?v=5BXgU_I-z5U,1 year ago,53:05,Part 1
337,Boghilal Ne Fasaya Jethalal Ko!| FULL MOVIE |Part 1 |Taarak Mehta Ka Ooltah Chashmah Ep 3093 to 3095,https://www.youtube.com/watch?v=sIu0hUu1LXQ,2 years ago,57:00,Part 1
338,Daya Pe Ayi Nayi Musibat! I FULL MOVIE | PART 2 I Taarak Mehta Ka Ooltah Chashmah Ep 1029 to 1032,https://www.youtube.com/watch?v=DLv5Hma02og,1 year ago,1:15:12,Part 2
339,Gokuldham New Family Member! | FULL MOVIE | Part 3 | Taarak Mehta Ka Ooltah Chashmah Ep 3391 to 3393,https://www.youtube.com/watch?v=nODcdO6h2No,2 years ago,57:20,Part 3
340,Fridge ka Sauda! | FULL MOVIE | Part 4 | Taarak Mehta Ka Ooltah Chashmah | तारक मेहता का उल्टा चश्मा,https://www.youtube.com/watch?v=OaBpuKguGRs,1 year ago,1:20:48,Part 4
341,Sodhi Kidnaped! I FULL MOVIE | PART 2 I Taarak Mehta Ka Ooltah Chashmah I तारक मेहता Ep 1370 to 1378,https://www.youtube.com/watch?v=W6F189RvhKM,2 years ago,57:06,Part 2
342,Sodhi's New Paratha Party! | FULL MOVIE | Part 3 | Taarak Mehta Ka Ooltah Chashmah,https://www.youtube.com/watch?v=Id3o1c5N3iM,1 year ago,1:19:45,Part 3
343,Babita ki Nayi Car! | FULL MOVIE | Part 5 | Taarak Mehta Ka Ooltah Chashmah Ep 3740 to 3742,https://www.youtube.com/watch?v=19mNaiJRoks,2 years ago,55:41,Part 5
344,Taarak Ko Mila Love Letter! | FULL MOVIE | Taarak Mehta Ka Ooltah Chashmah Ep 426 - 428,https://www.youtube.com/watch?v=3mlgrC-Q5YQ,1 year ago,44:26,
345,Sodhi Ko Kyu Sona Pada Society Ke Club House Mai ! | FULL MOVIE | Taarak Mehta Ka Ooltah Chashmah,https://www.youtube.com/watch?v=TxrOqBB_-gw,2 months ago,51:09,
346,Vacuum Pipe से Bhide की सीटी निकलने का जुगाड़!  | Taarak Mehta Ka Ooltah Chashmah | Funny Episodes,https://www.youtube.com/watch?v=272i2X6EKv4,6 days ago,54:55,
347,Babita ki Nayi Car! | FULL MOVIE | Part 9 | Taarak Mehta Ka Ooltah Chashmah Ep 3757 to 3761,https://www.youtube.com/watch?v=2vMXfdFnM-o,2 years ago,1:37:34,Part 9
348,Popatlal 1 Crore Lottery! I FULL MOVIE | Part 1 | Taarak Mehta Ka Ooltah Chashmah Ep 2585 to 2588,https://www.youtube.com/watch?v=gW5ic_-Qb88,1 year ago,1:05:10,Part 1
349,Gokuldham me aya asli Bhoot! | FULL MOVIE | Part 3 | Taarak Mehta Ka Ooltah Chashmah,https://www.youtube.com/watch?v=Q-qiKvvpXEw,1 year ago,54:43,Part 3
350,Sodhi ne Kharida Naya Jeep!| FULL MOVIE | Part 3 | Taarak Mehta Ka Ooltah Chashmah,https://www.youtube.com/watch?v=ycobyxj9Wq0,1 year ago,56:36,Part 3
